Country_name,Population
Austria,9025715
Belgium,11602522
Bulgaria,6943915
Croatia,4101782
Cyprus,1190007
Czechia,10715154
Denmark,5793679
Estonia,1328655
Finland,5542713
France,65283211
Germany,83951077
Greece,10420046
Hungary,9659639
Ireland,4953657
Italy,60465251
Latvia,1883138
Lithuania,2714541
Luxembourg,628614
Malta,441612
Netherlands,17138553
Poland,37850596
Portugal,10193282
Romania,19210031
Slovakia,5461415
Slovenia,2079553
Spain,46785134
Sweden,10108080
